<?xml version="1.0" encoding="utf-8"?>
<argos-configuration>

  <!-- ************************* -->
  <!-- * General configuration * -->
  <!-- ************************* -->
  <framework>
    <system threads="0" />
    <experiment length="600"
                ticks_per_second="32"
		random_seed="0"/>
  </framework>

  <!-- *************** -->
  <!-- * Controllers * -->
  <!-- *************** -->
  <controllers>

    <CPFA_controller id="CPFA"
                     library="build/source/CPFA/libCPFA_controller">
      <actuators>
        <differential_steering implementation = "default"/>
      </actuators>

      <sensors>
        <footbot_proximity    implementation = "default" show_rays = "false"/>

	<positioning          implementation = "default"
					/>	

        <footbot_motor_ground implementation = "rot_z_only"/>
      </sensors>

      <params>

        <settings TargetDistanceTolerance           = "0.05"
		  TargetAngleTolerance               = "0.1"
		  FoodDistanceTolerance              = "0.13"
                  NestDistanceTolerance = "0.05"  
                  NestAngleTolerance = "0.1"
                  SearchStepSize                    = "0.08"
                  RobotForwardSpeed                 = "16.0"
                  RobotRotationSpeed                = "8.0"
		  DestinationNoiseStdev             = "0.0"
		  PositionNoiseStdev             = "0.00"
		  ResultsDirectoryPath              = "results/"/>
      </params>

    </CPFA_controller>

  </controllers>

  <loop_functions library = "build/source/CPFA/libCPFA_loop_functions"
                  label   = "CPFA_loop_functions">

    <!-- evolvable parameters -->
        <CPFA       ProbabilityOfSwitchingToSearching = "0.905198135143"
                    ProbabilityOfReturningToNest      = "0.0256654192384"
                    UninformedSearchVariation         = "2.37090993699"
                    RateOfInformedSearchDecay         = "0.483400222733"
                    RateOfSiteFidelity                = "1.36189009962"
                    RateOfLayingPheromone             = "18.4083424668"
                    RateOfPheromoneDecay              = "0.26056240574"
		    PrintFinalScore = "1"
		    />

         <settings
	     MaxSimTimeInSeconds = "600"
	     MaxSimCounter = "1"
	     VariableFoodPlacement = "0"
	     OutputData = "0"
	     DrawDensityRate = "4"
	     DrawIDs = "1"
	     DrawTrails = "1"
	     DrawTargetRays = "0"
	     FoodDistribution = "1"
	     FoodItemCount = "512"
             PowerlawFoodUnitCount = "128"
	     NumberOfClusters = "8"
	     ClusterWidthX = "8"
	     ClusterLengthY = "8"
	     FoodRadius = "0.05"
	     NestRadius = "0.25"
	     NestElevation = "0.01"
      NestPosition_0="2.5, 2.5" 
      NestPosition_1="2.5, -2.5" 
      NestPosition_2="-2.5, 2.5" 
      NestPosition_3="-2.5, -2.5"
      />

  </loop_functions>

  <!-- *********************** -->
  <!-- * Arena configuration * -->
  <!-- *********************** -->
  <arena size="10.0, 10.0, 1" center="0,0,0.5">

    <floor id="floor" source="loop_functions" pixels_per_meter="10"/>

    <!--<distribute>
      <position method="grid"
                center="0.0, 0.0, 0.0"
                distances="0.2, 0.2, 0.0"
                layout="4, 6, 1" />
      <orientation method="constant" values="0.0, 0.0, 0.0" />
      <entity quantity="12" max_trials="100">
        <foot-bot id="CPFA_">
          <controller config="CPFA"/>
        </foot-bot>
      </entity>
    </distribute>
    -->
<!--
 <distribute>
            <position method="grid" center="2.5, 2.5, 0.0" distances="0.2, 0.2, 0.0" layout="2, 3, 1"/>
            <orientation method="constant" values="0.0, 0.0, 0.0"/>
            <entity max_trials="100" quantity="6">
                <foot-bot id="CPFA_0"><controller config="CPFA"/></foot-bot>
            </entity>
        </distribute>
        <distribute>
            <position method="grid" center="2.5, -2.5, 0.0" distances="0.2, 0.2, 0.0" layout="2, 3, 1"/>
            <orientation method="constant" values="0.0, 0.0, 0.0"/>
            <entity max_trials="100" quantity="6">
                <foot-bot id="CPFA_1"><controller config="CPFA"/></foot-bot>
            </entity>
        </distribute>
        <distribute>
            <position method="grid" center="-2.5, 2.5, 0.0" distances="0.2, 0.2, 0.0" layout="2, 3, 1"/>
            <orientation method="constant" values="0.0, 0.0, 0.0"/>
            <entity max_trials="100" quantity="6">
                <foot-bot id="CPFA_2"><controller config="CPFA"/></foot-bot>
            </entity>
        </distribute>
        <distribute>
            <position method="grid" center="-2.5, -2.5, 0.0" distances="0.2, 0.2, 0.0" layout="2, 3, 1"/>
            <orientation method="constant" values="0.0, 0.0, 0.0"/>
            <entity max_trials="100" quantity="6">
                <foot-bot id="CPFA_3"><controller config="CPFA"/></foot-bot>
            </entity>
        </distribute>
-->

    <distribute>
            <position max="3, 3.0, 0.0" method="uniform" min="2, 2, 0.0"/>
            <orientation mean="0, 0, 0" method="gaussian" std_dev="360, 0, 0"/>
            <entity max_trials="100" quantity="6">
                <foot-bot id="CPFA_0"><controller config="CPFA"/></foot-bot>
            </entity>
        </distribute>
        <distribute>
            <position max="3, -2, 0.0" method="uniform" min="2, -3, 0.0"/>
            <orientation mean="0, 0, 0" method="gaussian" std_dev="360, 0, 0"/>
            <entity max_trials="100" quantity="6">
                <foot-bot id="CPFA_1"><controller config="CPFA"/></foot-bot>
            </entity>
        </distribute>
        <distribute>
            <position max="-2, 3.0, 0.0" method="uniform" min="-3, 2, 0.0"/>
            <orientation mean="0, 0, 0" method="gaussian" std_dev="360, 0, 0"/>
            <entity max_trials="100" quantity="6">
                <foot-bot id="CPFA_2"><controller config="CPFA"/></foot-bot>
            </entity>
        </distribute>
        <distribute>
            <position max="-2, -2, 0.0" method="uniform" min="-3, -3, 0.0"/>
            <orientation mean="0, 0, 0" method="gaussian" std_dev="360, 0, 0"/>
            <entity max_trials="100" quantity="6">
                <foot-bot id="CPFA_3"><controller config="CPFA"/></foot-bot>
            </entity>
        </distribute>

 <!--   
    <box id="my_box" size="0.3,0.3,0.5"
              movable="true" mass="2.5">
      <body position="0.4,2.3,0" orientation="45,0,0" />
    </box>
    
   --> 
    <cylinder id="cyl0" radius="0.15" height="0.1"
              movable="false" mass="2.5">
      <body position="2.5,2.5,0" orientation="45,0,0" />
    </cylinder>
    
    <cylinder id="cyl1" radius="0.15" height="0.1"
              movable="false" mass="2.5">
      <body position="2.5,-2.5,0" orientation="45,0,0" />
    </cylinder>

    <cylinder id="cyl2" radius="0.15" height="0.1"
              movable="false" mass="2.5">
      <body position="-2.5,2.5,0" orientation="45,0,0" />
    </cylinder>

    <cylinder id="cyl3" radius="0.15" height="0.1"
              movable="false" mass="2.5">
      <body position="-2.5,-2.5,0" orientation="45,0,0" />
    </cylinder>

<!--
   
    <cylinder id="cyl2" radius="0.25" height="0.5"
              movable="true" mass="2.5">
      <body position="0.4,-2.3,0" orientation="45,0,0" />
    </cylinder>

  
   <cylinder id="cyl3" radius="0.25" height="0.5"
              movable="true" mass="2.5">
      <body position="-0.4,-2.3,0" orientation="45,0,0" />
    </cylinder>

  
   <cylinder id="cyl4" radius="0.25" height="0.5"
              movable="true" mass="2.5">
      <body position="-0.4,2.3,0" orientation="45,0,0" />
    </cylinder>
    -->
  </arena> 
    
  <!-- ******************* -->
  <!-- * Physics engines * -->
  <!-- ******************* -->
  <physics_engines>
    <dynamics2d id="dyn2d" />
  </physics_engines>

  <!-- ********* -->
  <!-- * Media * -->
  <!-- ********* -->
  <media><led id="leds"/></media>
  <!-- ****************** -->
  <!-- * Visualization * -->
  <!-- ****************** -->

<!--
  <visualization>

<qt-opengl>
      <camera>
        <placement idx="0" position="  0, 0, 10" look_at="0, 0, 0" lens_focal_length="25"/>
      </camera>
      <user_functions label="CPFA_qt_user_functions"/>
    </qt-opengl>

  </visualization>
-->

</argos-configuration>
