<?xml version="1.0" encoding="utf-8"?>
<argos-configuration>

  <!-- ************************* -->
  <!-- * General configuration * -->
  <!-- ************************* -->
  <framework>
    <system threads="0" />
    <experiment length="600"
                ticks_per_second="32"
		random_seed="0"/>
  </framework>

  <!-- *************** -->
  <!-- * Controllers * -->
  <!-- *************** -->
  <controllers>

    <CPFA_controller id="CPFA"
                     library="build/source/CPFA/libCPFA_controller">
      <actuators>
        <differential_steering implementation = "default"/>
      </actuators>

      <sensors>
        <footbot_proximity    implementation = "default" show_rays = "false"/>

	<positioning          implementation = "default"
					/>	

        <footbot_motor_ground implementation = "rot_z_only"/>
      </sensors>

      <params>

        <settings TargetDistanceTolerance           = "0.05"
		  TargetAngleTolerance               = "0.1"
		  FoodDistanceTolerance              = "0.13"
                  NestDistanceTolerance = "0.05"  
                  NestAngleTolerance = "0.1"
                  SearchStepSize                    = "0.08"
                  RobotForwardSpeed                 = "16.0"
                  RobotRotationSpeed                = "8.0"
		  DestinationNoiseStdev             = "0.0"
		  PositionNoiseStdev             = "0.00"
		  ResultsDirectoryPath              = "results/"/>
      </params>

    </CPFA_controller>

  </controllers>

  <loop_functions library = "build/source/CPFA/libCPFA_loop_functions"
                  label   = "CPFA_loop_functions">

    <!-- evolvable parameters -->
        <CPFA       ProbabilityOfSwitchingToSearching = "0.905198135143"
                    ProbabilityOfReturningToNest      = "0.0256654192384"
                    UninformedSearchVariation         = "2.37090993699"
                    RateOfInformedSearchDecay         = "0.483400222733"
                    RateOfSiteFidelity                = "1.36189009962"
                    RateOfLayingPheromone             = "18.4083424668"
                    RateOfPheromoneDecay              = "0.26056240574"
		    PrintFinalScore = "1"
		    />

         <settings
	     MaxSimTimeInSeconds = "600"
	     MaxSimCounter = "1"
	     VariableFoodPlacement = "0"
	     OutputData = "0"
	     DrawDensityRate = "4"
	     DrawIDs = "1"
	     DrawTrails = "1"
	     DrawTargetRays = "0"
	     FoodDistribution = "1"
	     FoodItemCount = "8192"
	     PowerlawFoodUnitCount = "128"
	     NumberOfClusters = "128"
	     ClusterWidthX = "8"
	     ClusterLengthY = "8"
	     FoodRadius = "0.05"
	     NestRadius = "0.25"
	     NestElevation = "0.01"

NestPosition_0="17.5,17.5"
NestPosition_1="17.5,12.5"
NestPosition_2="17.5,7.5"
NestPosition_3="17.5,2.5"
NestPosition_4="17.5,-2.5"
NestPosition_5="17.5,-7.5"
NestPosition_6="17.5,-12.5"
NestPosition_7="17.5,-17.5"
NestPosition_8="12.5,17.5"
NestPosition_9="12.5,12.5"
NestPosition_10="12.5,7.5"
NestPosition_11="12.5,2.5"
NestPosition_12="12.5,-2.5"
NestPosition_13="12.5,-7.5"
NestPosition_14="12.5,-12.5"
NestPosition_15="12.5,-17.5"
NestPosition_16="7.5,17.5"
NestPosition_17="7.5,12.5"
NestPosition_18="7.5,7.5"
NestPosition_19="7.5,2.5"
NestPosition_20="7.5,-2.5"
NestPosition_21="7.5,-7.5"
NestPosition_22="7.5,-12.5"
NestPosition_23="7.5,-17.5"
NestPosition_24="2.5,17.5"
NestPosition_25="2.5,12.5"
NestPosition_26="2.5,7.5"
NestPosition_27="2.5,2.5"
NestPosition_28="2.5,-2.5"
NestPosition_29="2.5,-7.5"
NestPosition_30="2.5,-12.5"
NestPosition_31="2.5,-17.5"
NestPosition_32="-2.5,17.5"
NestPosition_33="-2.5,12.5"
NestPosition_34="-2.5,7.5"
NestPosition_35="-2.5,2.5"
NestPosition_36="-2.5,-2.5"
NestPosition_37="-2.5,-7.5"
NestPosition_38="-2.5,-12.5"
NestPosition_39="-2.5,-17.5"
NestPosition_40="-7.5,17.5"
NestPosition_41="-7.5,12.5"
NestPosition_42="-7.5,7.5"
NestPosition_43="-7.5,2.5"
NestPosition_44="-7.5,-2.5"
NestPosition_45="-7.5,-7.5"
NestPosition_46="-7.5,-12.5"
NestPosition_47="-7.5,-17.5"
NestPosition_48="-12.5,17.5"
NestPosition_49="-12.5,12.5"
NestPosition_50="-12.5,7.5"
NestPosition_51="-12.5,2.5"
NestPosition_52="-12.5,-2.5"
NestPosition_53="-12.5,-7.5"
NestPosition_54="-12.5,-12.5"
NestPosition_55="-12.5,-17.5"
NestPosition_56="-17.5,17.5"
NestPosition_57="-17.5,12.5"
NestPosition_58="-17.5,7.5"
NestPosition_59="-17.5,2.5"
NestPosition_60="-17.5,-2.5"
NestPosition_61="-17.5,-7.5"
NestPosition_62="-17.5,-12.5"
NestPosition_63="-17.5,-17.5" 
      />

  </loop_functions>

  <!-- *********************** -->
  <!-- * Arena configuration * -->
  <!-- *********************** -->
  <arena size="40.0, 40.0, 1" center="0,0,0.5">

    <floor id="floor" source="loop_functions" pixels_per_meter="10"/>

<distribute>
<position max="18.0,18.0,  0.0" method="uniform" min="17.0, 17.0,0.0"/>
<orientation mean="0, 0, 0" method="gaussian" std_dev="360, 0, 0"/>
<entity max_trials="100" quantity="6">
<foot-bot id="CPFA_0"><controller config="CPFA"/></foot-bot>
</entity>
</distribute>
<distribute>
<position max="18.0,13.0,  0.0" method="uniform" min="17.0, 12.0,0.0"/>
<orientation mean="0, 0, 0" method="gaussian" std_dev="360, 0, 0"/>
<entity max_trials="100" quantity="6">
<foot-bot id="CPFA_1"><controller config="CPFA"/></foot-bot>
</entity>
</distribute>
<distribute>
<position max="18.0,8.0,  0.0" method="uniform" min="17.0, 7.0,0.0"/>
<orientation mean="0, 0, 0" method="gaussian" std_dev="360, 0, 0"/>
<entity max_trials="100" quantity="6">
<foot-bot id="CPFA_2"><controller config="CPFA"/></foot-bot>
</entity>
</distribute>
<distribute>
<position max="18.0,3.0,  0.0" method="uniform" min="17.0, 2.0,0.0"/>
<orientation mean="0, 0, 0" method="gaussian" std_dev="360, 0, 0"/>
<entity max_trials="100" quantity="6">
<foot-bot id="CPFA_3"><controller config="CPFA"/></foot-bot>
</entity>
</distribute>
<distribute>
<position max="18.0,-2.0,  0.0" method="uniform" min="17.0, -3.0,0.0"/>
<orientation mean="0, 0, 0" method="gaussian" std_dev="360, 0, 0"/>
<entity max_trials="100" quantity="6">
<foot-bot id="CPFA_4"><controller config="CPFA"/></foot-bot>
</entity>
</distribute>
<distribute>
<position max="18.0,-7.0,  0.0" method="uniform" min="17.0, -8.0,0.0"/>
<orientation mean="0, 0, 0" method="gaussian" std_dev="360, 0, 0"/>
<entity max_trials="100" quantity="6">
<foot-bot id="CPFA_5"><controller config="CPFA"/></foot-bot>
</entity>
</distribute>
<distribute>
<position max="18.0,-12.0,  0.0" method="uniform" min="17.0, -13.0,0.0"/>
<orientation mean="0, 0, 0" method="gaussian" std_dev="360, 0, 0"/>
<entity max_trials="100" quantity="6">
<foot-bot id="CPFA_6"><controller config="CPFA"/></foot-bot>
</entity>
</distribute>
<distribute>
<position max="18.0,-17.0,  0.0" method="uniform" min="17.0, -18.0,0.0"/>
<orientation mean="0, 0, 0" method="gaussian" std_dev="360, 0, 0"/>
<entity max_trials="100" quantity="6">
<foot-bot id="CPFA_7"><controller config="CPFA"/></foot-bot>
</entity>
</distribute>
<distribute>
<position max="13.0,18.0,  0.0" method="uniform" min="12.0, 17.0,0.0"/>
<orientation mean="0, 0, 0" method="gaussian" std_dev="360, 0, 0"/>
<entity max_trials="100" quantity="6">
<foot-bot id="CPFA_8"><controller config="CPFA"/></foot-bot>
</entity>
</distribute>
<distribute>
<position max="13.0,13.0,  0.0" method="uniform" min="12.0, 12.0,0.0"/>
<orientation mean="0, 0, 0" method="gaussian" std_dev="360, 0, 0"/>
<entity max_trials="100" quantity="6">
<foot-bot id="CPFA_9"><controller config="CPFA"/></foot-bot>
</entity>
</distribute>
<distribute>
<position max="13.0,8.0,  0.0" method="uniform" min="12.0, 7.0,0.0"/>
<orientation mean="0, 0, 0" method="gaussian" std_dev="360, 0, 0"/>
<entity max_trials="100" quantity="6">
<foot-bot id="CPFA_10"><controller config="CPFA"/></foot-bot>
</entity>
</distribute>
<distribute>
<position max="13.0,3.0,  0.0" method="uniform" min="12.0, 2.0,0.0"/>
<orientation mean="0, 0, 0" method="gaussian" std_dev="360, 0, 0"/>
<entity max_trials="100" quantity="6">
<foot-bot id="CPFA_11"><controller config="CPFA"/></foot-bot>
</entity>
</distribute>
<distribute>
<position max="13.0,-2.0,  0.0" method="uniform" min="12.0, -3.0,0.0"/>
<orientation mean="0, 0, 0" method="gaussian" std_dev="360, 0, 0"/>
<entity max_trials="100" quantity="6">
<foot-bot id="CPFA_12"><controller config="CPFA"/></foot-bot>
</entity>
</distribute>
<distribute>
<position max="13.0,-7.0,  0.0" method="uniform" min="12.0, -8.0,0.0"/>
<orientation mean="0, 0, 0" method="gaussian" std_dev="360, 0, 0"/>
<entity max_trials="100" quantity="6">
<foot-bot id="CPFA_13"><controller config="CPFA"/></foot-bot>
</entity>
</distribute>
<distribute>
<position max="13.0,-12.0,  0.0" method="uniform" min="12.0, -13.0,0.0"/>
<orientation mean="0, 0, 0" method="gaussian" std_dev="360, 0, 0"/>
<entity max_trials="100" quantity="6">
<foot-bot id="CPFA_14"><controller config="CPFA"/></foot-bot>
</entity>
</distribute>
<distribute>
<position max="13.0,-17.0,  0.0" method="uniform" min="12.0, -18.0,0.0"/>
<orientation mean="0, 0, 0" method="gaussian" std_dev="360, 0, 0"/>
<entity max_trials="100" quantity="6">
<foot-bot id="CPFA_15"><controller config="CPFA"/></foot-bot>
</entity>
</distribute>
<distribute>
<position max="8.0,18.0,  0.0" method="uniform" min="7.0, 17.0,0.0"/>
<orientation mean="0, 0, 0" method="gaussian" std_dev="360, 0, 0"/>
<entity max_trials="100" quantity="6">
<foot-bot id="CPFA_16"><controller config="CPFA"/></foot-bot>
</entity>
</distribute>
<distribute>
<position max="8.0,13.0,  0.0" method="uniform" min="7.0, 12.0,0.0"/>
<orientation mean="0, 0, 0" method="gaussian" std_dev="360, 0, 0"/>
<entity max_trials="100" quantity="6">
<foot-bot id="CPFA_17"><controller config="CPFA"/></foot-bot>
</entity>
</distribute>
<distribute>
<position max="8.0,8.0,  0.0" method="uniform" min="7.0, 7.0,0.0"/>
<orientation mean="0, 0, 0" method="gaussian" std_dev="360, 0, 0"/>
<entity max_trials="100" quantity="6">
<foot-bot id="CPFA_18"><controller config="CPFA"/></foot-bot>
</entity>
</distribute>
<distribute>
<position max="8.0,3.0,  0.0" method="uniform" min="7.0, 2.0,0.0"/>
<orientation mean="0, 0, 0" method="gaussian" std_dev="360, 0, 0"/>
<entity max_trials="100" quantity="6">
<foot-bot id="CPFA_19"><controller config="CPFA"/></foot-bot>
</entity>
</distribute>
<distribute>
<position max="8.0,-2.0,  0.0" method="uniform" min="7.0, -3.0,0.0"/>
<orientation mean="0, 0, 0" method="gaussian" std_dev="360, 0, 0"/>
<entity max_trials="100" quantity="6">
<foot-bot id="CPFA_20"><controller config="CPFA"/></foot-bot>
</entity>
</distribute>
<distribute>
<position max="8.0,-7.0,  0.0" method="uniform" min="7.0, -8.0,0.0"/>
<orientation mean="0, 0, 0" method="gaussian" std_dev="360, 0, 0"/>
<entity max_trials="100" quantity="6">
<foot-bot id="CPFA_21"><controller config="CPFA"/></foot-bot>
</entity>
</distribute>
<distribute>
<position max="8.0,-12.0,  0.0" method="uniform" min="7.0, -13.0,0.0"/>
<orientation mean="0, 0, 0" method="gaussian" std_dev="360, 0, 0"/>
<entity max_trials="100" quantity="6">
<foot-bot id="CPFA_22"><controller config="CPFA"/></foot-bot>
</entity>
</distribute>
<distribute>
<position max="8.0,-17.0,  0.0" method="uniform" min="7.0, -18.0,0.0"/>
<orientation mean="0, 0, 0" method="gaussian" std_dev="360, 0, 0"/>
<entity max_trials="100" quantity="6">
<foot-bot id="CPFA_23"><controller config="CPFA"/></foot-bot>
</entity>
</distribute>
<distribute>
<position max="3.0,18.0,  0.0" method="uniform" min="2.0, 17.0,0.0"/>
<orientation mean="0, 0, 0" method="gaussian" std_dev="360, 0, 0"/>
<entity max_trials="100" quantity="6">
<foot-bot id="CPFA_24"><controller config="CPFA"/></foot-bot>
</entity>
</distribute>
<distribute>
<position max="3.0,13.0,  0.0" method="uniform" min="2.0, 12.0,0.0"/>
<orientation mean="0, 0, 0" method="gaussian" std_dev="360, 0, 0"/>
<entity max_trials="100" quantity="6">
<foot-bot id="CPFA_25"><controller config="CPFA"/></foot-bot>
</entity>
</distribute>
<distribute>
<position max="3.0,8.0,  0.0" method="uniform" min="2.0, 7.0,0.0"/>
<orientation mean="0, 0, 0" method="gaussian" std_dev="360, 0, 0"/>
<entity max_trials="100" quantity="6">
<foot-bot id="CPFA_26"><controller config="CPFA"/></foot-bot>
</entity>
</distribute>
<distribute>
<position max="3.0,3.0,  0.0" method="uniform" min="2.0, 2.0,0.0"/>
<orientation mean="0, 0, 0" method="gaussian" std_dev="360, 0, 0"/>
<entity max_trials="100" quantity="6">
<foot-bot id="CPFA_27"><controller config="CPFA"/></foot-bot>
</entity>
</distribute>
<distribute>
<position max="3.0,-2.0,  0.0" method="uniform" min="2.0, -3.0,0.0"/>
<orientation mean="0, 0, 0" method="gaussian" std_dev="360, 0, 0"/>
<entity max_trials="100" quantity="6">
<foot-bot id="CPFA_28"><controller config="CPFA"/></foot-bot>
</entity>
</distribute>
<distribute>
<position max="3.0,-7.0,  0.0" method="uniform" min="2.0, -8.0,0.0"/>
<orientation mean="0, 0, 0" method="gaussian" std_dev="360, 0, 0"/>
<entity max_trials="100" quantity="6">
<foot-bot id="CPFA_29"><controller config="CPFA"/></foot-bot>
</entity>
</distribute>
<distribute>
<position max="3.0,-12.0,  0.0" method="uniform" min="2.0, -13.0,0.0"/>
<orientation mean="0, 0, 0" method="gaussian" std_dev="360, 0, 0"/>
<entity max_trials="100" quantity="6">
<foot-bot id="CPFA_30"><controller config="CPFA"/></foot-bot>
</entity>
</distribute>
<distribute>
<position max="3.0,-17.0,  0.0" method="uniform" min="2.0, -18.0,0.0"/>
<orientation mean="0, 0, 0" method="gaussian" std_dev="360, 0, 0"/>
<entity max_trials="100" quantity="6">
<foot-bot id="CPFA_31"><controller config="CPFA"/></foot-bot>
</entity>
</distribute>
<distribute>
<position max="-2.0,18.0,  0.0" method="uniform" min="-3.0, 17.0,0.0"/>
<orientation mean="0, 0, 0" method="gaussian" std_dev="360, 0, 0"/>
<entity max_trials="100" quantity="6">
<foot-bot id="CPFA_32"><controller config="CPFA"/></foot-bot>
</entity>
</distribute>
<distribute>
<position max="-2.0,13.0,  0.0" method="uniform" min="-3.0, 12.0,0.0"/>
<orientation mean="0, 0, 0" method="gaussian" std_dev="360, 0, 0"/>
<entity max_trials="100" quantity="6">
<foot-bot id="CPFA_33"><controller config="CPFA"/></foot-bot>
</entity>
</distribute>
<distribute>
<position max="-2.0,8.0,  0.0" method="uniform" min="-3.0, 7.0,0.0"/>
<orientation mean="0, 0, 0" method="gaussian" std_dev="360, 0, 0"/>
<entity max_trials="100" quantity="6">
<foot-bot id="CPFA_34"><controller config="CPFA"/></foot-bot>
</entity>
</distribute>
<distribute>
<position max="-2.0,3.0,  0.0" method="uniform" min="-3.0, 2.0,0.0"/>
<orientation mean="0, 0, 0" method="gaussian" std_dev="360, 0, 0"/>
<entity max_trials="100" quantity="6">
<foot-bot id="CPFA_35"><controller config="CPFA"/></foot-bot>
</entity>
</distribute>
<distribute>
<position max="-2.0,-2.0,  0.0" method="uniform" min="-3.0, -3.0,0.0"/>
<orientation mean="0, 0, 0" method="gaussian" std_dev="360, 0, 0"/>
<entity max_trials="100" quantity="6">
<foot-bot id="CPFA_36"><controller config="CPFA"/></foot-bot>
</entity>
</distribute>
<distribute>
<position max="-2.0,-7.0,  0.0" method="uniform" min="-3.0, -8.0,0.0"/>
<orientation mean="0, 0, 0" method="gaussian" std_dev="360, 0, 0"/>
<entity max_trials="100" quantity="6">
<foot-bot id="CPFA_37"><controller config="CPFA"/></foot-bot>
</entity>
</distribute>
<distribute>
<position max="-2.0,-12.0,  0.0" method="uniform" min="-3.0, -13.0,0.0"/>
<orientation mean="0, 0, 0" method="gaussian" std_dev="360, 0, 0"/>
<entity max_trials="100" quantity="6">
<foot-bot id="CPFA_38"><controller config="CPFA"/></foot-bot>
</entity>
</distribute>
<distribute>
<position max="-2.0,-17.0,  0.0" method="uniform" min="-3.0, -18.0,0.0"/>
<orientation mean="0, 0, 0" method="gaussian" std_dev="360, 0, 0"/>
<entity max_trials="100" quantity="6">
<foot-bot id="CPFA_39"><controller config="CPFA"/></foot-bot>
</entity>
</distribute>
<distribute>
<position max="-7.0,18.0,  0.0" method="uniform" min="-8.0, 17.0,0.0"/>
<orientation mean="0, 0, 0" method="gaussian" std_dev="360, 0, 0"/>
<entity max_trials="100" quantity="6">
<foot-bot id="CPFA_40"><controller config="CPFA"/></foot-bot>
</entity>
</distribute>
<distribute>
<position max="-7.0,13.0,  0.0" method="uniform" min="-8.0, 12.0,0.0"/>
<orientation mean="0, 0, 0" method="gaussian" std_dev="360, 0, 0"/>
<entity max_trials="100" quantity="6">
<foot-bot id="CPFA_41"><controller config="CPFA"/></foot-bot>
</entity>
</distribute>
<distribute>
<position max="-7.0,8.0,  0.0" method="uniform" min="-8.0, 7.0,0.0"/>
<orientation mean="0, 0, 0" method="gaussian" std_dev="360, 0, 0"/>
<entity max_trials="100" quantity="6">
<foot-bot id="CPFA_42"><controller config="CPFA"/></foot-bot>
</entity>
</distribute>
<distribute>
<position max="-7.0,3.0,  0.0" method="uniform" min="-8.0, 2.0,0.0"/>
<orientation mean="0, 0, 0" method="gaussian" std_dev="360, 0, 0"/>
<entity max_trials="100" quantity="6">
<foot-bot id="CPFA_43"><controller config="CPFA"/></foot-bot>
</entity>
</distribute>
<distribute>
<position max="-7.0,-2.0,  0.0" method="uniform" min="-8.0, -3.0,0.0"/>
<orientation mean="0, 0, 0" method="gaussian" std_dev="360, 0, 0"/>
<entity max_trials="100" quantity="6">
<foot-bot id="CPFA_44"><controller config="CPFA"/></foot-bot>
</entity>
</distribute>
<distribute>
<position max="-7.0,-7.0,  0.0" method="uniform" min="-8.0, -8.0,0.0"/>
<orientation mean="0, 0, 0" method="gaussian" std_dev="360, 0, 0"/>
<entity max_trials="100" quantity="6">
<foot-bot id="CPFA_45"><controller config="CPFA"/></foot-bot>
</entity>
</distribute>
<distribute>
<position max="-7.0,-12.0,  0.0" method="uniform" min="-8.0, -13.0,0.0"/>
<orientation mean="0, 0, 0" method="gaussian" std_dev="360, 0, 0"/>
<entity max_trials="100" quantity="6">
<foot-bot id="CPFA_46"><controller config="CPFA"/></foot-bot>
</entity>
</distribute>
<distribute>
<position max="-7.0,-17.0,  0.0" method="uniform" min="-8.0, -18.0,0.0"/>
<orientation mean="0, 0, 0" method="gaussian" std_dev="360, 0, 0"/>
<entity max_trials="100" quantity="6">
<foot-bot id="CPFA_47"><controller config="CPFA"/></foot-bot>
</entity>
</distribute>
<distribute>
<position max="-12.0,18.0,  0.0" method="uniform" min="-13.0, 17.0,0.0"/>
<orientation mean="0, 0, 0" method="gaussian" std_dev="360, 0, 0"/>
<entity max_trials="100" quantity="6">
<foot-bot id="CPFA_48"><controller config="CPFA"/></foot-bot>
</entity>
</distribute>
<distribute>
<position max="-12.0,13.0,  0.0" method="uniform" min="-13.0, 12.0,0.0"/>
<orientation mean="0, 0, 0" method="gaussian" std_dev="360, 0, 0"/>
<entity max_trials="100" quantity="6">
<foot-bot id="CPFA_49"><controller config="CPFA"/></foot-bot>
</entity>
</distribute>
<distribute>
<position max="-12.0,8.0,  0.0" method="uniform" min="-13.0, 7.0,0.0"/>
<orientation mean="0, 0, 0" method="gaussian" std_dev="360, 0, 0"/>
<entity max_trials="100" quantity="6">
<foot-bot id="CPFA_50"><controller config="CPFA"/></foot-bot>
</entity>
</distribute>
<distribute>
<position max="-12.0,3.0,  0.0" method="uniform" min="-13.0, 2.0,0.0"/>
<orientation mean="0, 0, 0" method="gaussian" std_dev="360, 0, 0"/>
<entity max_trials="100" quantity="6">
<foot-bot id="CPFA_51"><controller config="CPFA"/></foot-bot>
</entity>
</distribute>
<distribute>
<position max="-12.0,-2.0,  0.0" method="uniform" min="-13.0, -3.0,0.0"/>
<orientation mean="0, 0, 0" method="gaussian" std_dev="360, 0, 0"/>
<entity max_trials="100" quantity="6">
<foot-bot id="CPFA_52"><controller config="CPFA"/></foot-bot>
</entity>
</distribute>
<distribute>
<position max="-12.0,-7.0,  0.0" method="uniform" min="-13.0, -8.0,0.0"/>
<orientation mean="0, 0, 0" method="gaussian" std_dev="360, 0, 0"/>
<entity max_trials="100" quantity="6">
<foot-bot id="CPFA_53"><controller config="CPFA"/></foot-bot>
</entity>
</distribute>
<distribute>
<position max="-12.0,-12.0,  0.0" method="uniform" min="-13.0, -13.0,0.0"/>
<orientation mean="0, 0, 0" method="gaussian" std_dev="360, 0, 0"/>
<entity max_trials="100" quantity="6">
<foot-bot id="CPFA_54"><controller config="CPFA"/></foot-bot>
</entity>
</distribute>
<distribute>
<position max="-12.0,-17.0,  0.0" method="uniform" min="-13.0, -18.0,0.0"/>
<orientation mean="0, 0, 0" method="gaussian" std_dev="360, 0, 0"/>
<entity max_trials="100" quantity="6">
<foot-bot id="CPFA_55"><controller config="CPFA"/></foot-bot>
</entity>
</distribute>
<distribute>
<position max="-17.0,18.0,  0.0" method="uniform" min="-18.0, 17.0,0.0"/>
<orientation mean="0, 0, 0" method="gaussian" std_dev="360, 0, 0"/>
<entity max_trials="100" quantity="6">
<foot-bot id="CPFA_56"><controller config="CPFA"/></foot-bot>
</entity>
</distribute>
<distribute>
<position max="-17.0,13.0,  0.0" method="uniform" min="-18.0, 12.0,0.0"/>
<orientation mean="0, 0, 0" method="gaussian" std_dev="360, 0, 0"/>
<entity max_trials="100" quantity="6">
<foot-bot id="CPFA_57"><controller config="CPFA"/></foot-bot>
</entity>
</distribute>
<distribute>
<position max="-17.0,8.0,  0.0" method="uniform" min="-18.0, 7.0,0.0"/>
<orientation mean="0, 0, 0" method="gaussian" std_dev="360, 0, 0"/>
<entity max_trials="100" quantity="6">
<foot-bot id="CPFA_58"><controller config="CPFA"/></foot-bot>
</entity>
</distribute>
<distribute>
<position max="-17.0,3.0,  0.0" method="uniform" min="-18.0, 2.0,0.0"/>
<orientation mean="0, 0, 0" method="gaussian" std_dev="360, 0, 0"/>
<entity max_trials="100" quantity="6">
<foot-bot id="CPFA_59"><controller config="CPFA"/></foot-bot>
</entity>
</distribute>
<distribute>
<position max="-17.0,-2.0,  0.0" method="uniform" min="-18.0, -3.0,0.0"/>
<orientation mean="0, 0, 0" method="gaussian" std_dev="360, 0, 0"/>
<entity max_trials="100" quantity="6">
<foot-bot id="CPFA_60"><controller config="CPFA"/></foot-bot>
</entity>
</distribute>
<distribute>
<position max="-17.0,-7.0,  0.0" method="uniform" min="-18.0, -8.0,0.0"/>
<orientation mean="0, 0, 0" method="gaussian" std_dev="360, 0, 0"/>
<entity max_trials="100" quantity="6">
<foot-bot id="CPFA_61"><controller config="CPFA"/></foot-bot>
</entity>
</distribute>
<distribute>
<position max="-17.0,-12.0,  0.0" method="uniform" min="-18.0, -13.0,0.0"/>
<orientation mean="0, 0, 0" method="gaussian" std_dev="360, 0, 0"/>
<entity max_trials="100" quantity="6">
<foot-bot id="CPFA_62"><controller config="CPFA"/></foot-bot>
</entity>
</distribute>
<distribute>
<position max="-17.0,-17.0,  0.0" method="uniform" min="-18.0, -18.0,0.0"/>
<orientation mean="0, 0, 0" method="gaussian" std_dev="360, 0, 0"/>
<entity max_trials="100" quantity="6">
<foot-bot id="CPFA_63"><controller config="CPFA"/></foot-bot>
</entity>
</distribute>

<cylinder id="cyl0" radius="0.15" height="0.1"
             movable="false" mass="2.5">
<body position="17.5, 17.5, 0" orientation="45,0,0" /> 
</cylinder>
<cylinder id="cyl1" radius="0.15" height="0.1"
             movable="false" mass="2.5">
<body position="17.5, 12.5, 0" orientation="45,0,0" /> 
</cylinder>
<cylinder id="cyl2" radius="0.15" height="0.1"
             movable="false" mass="2.5">
<body position="17.5, 7.5, 0" orientation="45,0,0" /> 
</cylinder>
<cylinder id="cyl3" radius="0.15" height="0.1"
             movable="false" mass="2.5">
<body position="17.5, 2.5, 0" orientation="45,0,0" /> 
</cylinder>
<cylinder id="cyl4" radius="0.15" height="0.1"
             movable="false" mass="2.5">
<body position="17.5, -2.5, 0" orientation="45,0,0" /> 
</cylinder>
<cylinder id="cyl5" radius="0.15" height="0.1"
             movable="false" mass="2.5">
<body position="17.5, -7.5, 0" orientation="45,0,0" /> 
</cylinder>
<cylinder id="cyl6" radius="0.15" height="0.1"
             movable="false" mass="2.5">
<body position="17.5, -12.5, 0" orientation="45,0,0" /> 
</cylinder>
<cylinder id="cyl7" radius="0.15" height="0.1"
             movable="false" mass="2.5">
<body position="17.5, -17.5, 0" orientation="45,0,0" /> 
</cylinder>
<cylinder id="cyl8" radius="0.15" height="0.1"
             movable="false" mass="2.5">
<body position="12.5, 17.5, 0" orientation="45,0,0" /> 
</cylinder>
<cylinder id="cyl9" radius="0.15" height="0.1"
             movable="false" mass="2.5">
<body position="12.5, 12.5, 0" orientation="45,0,0" /> 
</cylinder>
<cylinder id="cyl10" radius="0.15" height="0.1"
             movable="false" mass="2.5">
<body position="12.5, 7.5, 0" orientation="45,0,0" /> 
</cylinder>
<cylinder id="cyl11" radius="0.15" height="0.1"
             movable="false" mass="2.5">
<body position="12.5, 2.5, 0" orientation="45,0,0" /> 
</cylinder>
<cylinder id="cyl12" radius="0.15" height="0.1"
             movable="false" mass="2.5">
<body position="12.5, -2.5, 0" orientation="45,0,0" /> 
</cylinder>
<cylinder id="cyl13" radius="0.15" height="0.1"
             movable="false" mass="2.5">
<body position="12.5, -7.5, 0" orientation="45,0,0" /> 
</cylinder>
<cylinder id="cyl14" radius="0.15" height="0.1"
             movable="false" mass="2.5">
<body position="12.5, -12.5, 0" orientation="45,0,0" /> 
</cylinder>
<cylinder id="cyl15" radius="0.15" height="0.1"
             movable="false" mass="2.5">
<body position="12.5, -17.5, 0" orientation="45,0,0" /> 
</cylinder>
<cylinder id="cyl16" radius="0.15" height="0.1"
             movable="false" mass="2.5">
<body position="7.5, 17.5, 0" orientation="45,0,0" /> 
</cylinder>
<cylinder id="cyl17" radius="0.15" height="0.1"
             movable="false" mass="2.5">
<body position="7.5, 12.5, 0" orientation="45,0,0" /> 
</cylinder>
<cylinder id="cyl18" radius="0.15" height="0.1"
             movable="false" mass="2.5">
<body position="7.5, 7.5, 0" orientation="45,0,0" /> 
</cylinder>
<cylinder id="cyl19" radius="0.15" height="0.1"
             movable="false" mass="2.5">
<body position="7.5, 2.5, 0" orientation="45,0,0" /> 
</cylinder>
<cylinder id="cyl20" radius="0.15" height="0.1"
             movable="false" mass="2.5">
<body position="7.5, -2.5, 0" orientation="45,0,0" /> 
</cylinder>
<cylinder id="cyl21" radius="0.15" height="0.1"
             movable="false" mass="2.5">
<body position="7.5, -7.5, 0" orientation="45,0,0" /> 
</cylinder>
<cylinder id="cyl22" radius="0.15" height="0.1"
             movable="false" mass="2.5">
<body position="7.5, -12.5, 0" orientation="45,0,0" /> 
</cylinder>
<cylinder id="cyl23" radius="0.15" height="0.1"
             movable="false" mass="2.5">
<body position="7.5, -17.5, 0" orientation="45,0,0" /> 
</cylinder>
<cylinder id="cyl24" radius="0.15" height="0.1"
             movable="false" mass="2.5">
<body position="2.5, 17.5, 0" orientation="45,0,0" /> 
</cylinder>
<cylinder id="cyl25" radius="0.15" height="0.1"
             movable="false" mass="2.5">
<body position="2.5, 12.5, 0" orientation="45,0,0" /> 
</cylinder>
<cylinder id="cyl26" radius="0.15" height="0.1"
             movable="false" mass="2.5">
<body position="2.5, 7.5, 0" orientation="45,0,0" /> 
</cylinder>
<cylinder id="cyl27" radius="0.15" height="0.1"
             movable="false" mass="2.5">
<body position="2.5, 2.5, 0" orientation="45,0,0" /> 
</cylinder>
<cylinder id="cyl28" radius="0.15" height="0.1"
             movable="false" mass="2.5">
<body position="2.5, -2.5, 0" orientation="45,0,0" /> 
</cylinder>
<cylinder id="cyl29" radius="0.15" height="0.1"
             movable="false" mass="2.5">
<body position="2.5, -7.5, 0" orientation="45,0,0" /> 
</cylinder>
<cylinder id="cyl30" radius="0.15" height="0.1"
             movable="false" mass="2.5">
<body position="2.5, -12.5, 0" orientation="45,0,0" /> 
</cylinder>
<cylinder id="cyl31" radius="0.15" height="0.1"
             movable="false" mass="2.5">
<body position="2.5, -17.5, 0" orientation="45,0,0" /> 
</cylinder>
<cylinder id="cyl32" radius="0.15" height="0.1"
             movable="false" mass="2.5">
<body position="-2.5, 17.5, 0" orientation="45,0,0" /> 
</cylinder>
<cylinder id="cyl33" radius="0.15" height="0.1"
             movable="false" mass="2.5">
<body position="-2.5, 12.5, 0" orientation="45,0,0" /> 
</cylinder>
<cylinder id="cyl34" radius="0.15" height="0.1"
             movable="false" mass="2.5">
<body position="-2.5, 7.5, 0" orientation="45,0,0" /> 
</cylinder>
<cylinder id="cyl35" radius="0.15" height="0.1"
             movable="false" mass="2.5">
<body position="-2.5, 2.5, 0" orientation="45,0,0" /> 
</cylinder>
<cylinder id="cyl36" radius="0.15" height="0.1"
             movable="false" mass="2.5">
<body position="-2.5, -2.5, 0" orientation="45,0,0" /> 
</cylinder>
<cylinder id="cyl37" radius="0.15" height="0.1"
             movable="false" mass="2.5">
<body position="-2.5, -7.5, 0" orientation="45,0,0" /> 
</cylinder>
<cylinder id="cyl38" radius="0.15" height="0.1"
             movable="false" mass="2.5">
<body position="-2.5, -12.5, 0" orientation="45,0,0" /> 
</cylinder>
<cylinder id="cyl39" radius="0.15" height="0.1"
             movable="false" mass="2.5">
<body position="-2.5, -17.5, 0" orientation="45,0,0" /> 
</cylinder>
<cylinder id="cyl40" radius="0.15" height="0.1"
             movable="false" mass="2.5">
<body position="-7.5, 17.5, 0" orientation="45,0,0" /> 
</cylinder>
<cylinder id="cyl41" radius="0.15" height="0.1"
             movable="false" mass="2.5">
<body position="-7.5, 12.5, 0" orientation="45,0,0" /> 
</cylinder>
<cylinder id="cyl42" radius="0.15" height="0.1"
             movable="false" mass="2.5">
<body position="-7.5, 7.5, 0" orientation="45,0,0" /> 
</cylinder>
<cylinder id="cyl43" radius="0.15" height="0.1"
             movable="false" mass="2.5">
<body position="-7.5, 2.5, 0" orientation="45,0,0" /> 
</cylinder>
<cylinder id="cyl44" radius="0.15" height="0.1"
             movable="false" mass="2.5">
<body position="-7.5, -2.5, 0" orientation="45,0,0" /> 
</cylinder>
<cylinder id="cyl45" radius="0.15" height="0.1"
             movable="false" mass="2.5">
<body position="-7.5, -7.5, 0" orientation="45,0,0" /> 
</cylinder>
<cylinder id="cyl46" radius="0.15" height="0.1"
             movable="false" mass="2.5">
<body position="-7.5, -12.5, 0" orientation="45,0,0" /> 
</cylinder>
<cylinder id="cyl47" radius="0.15" height="0.1"
             movable="false" mass="2.5">
<body position="-7.5, -17.5, 0" orientation="45,0,0" /> 
</cylinder>
<cylinder id="cyl48" radius="0.15" height="0.1"
             movable="false" mass="2.5">
<body position="-12.5, 17.5, 0" orientation="45,0,0" /> 
</cylinder>
<cylinder id="cyl49" radius="0.15" height="0.1"
             movable="false" mass="2.5">
<body position="-12.5, 12.5, 0" orientation="45,0,0" /> 
</cylinder>
<cylinder id="cyl50" radius="0.15" height="0.1"
             movable="false" mass="2.5">
<body position="-12.5, 7.5, 0" orientation="45,0,0" /> 
</cylinder>
<cylinder id="cyl51" radius="0.15" height="0.1"
             movable="false" mass="2.5">
<body position="-12.5, 2.5, 0" orientation="45,0,0" /> 
</cylinder>
<cylinder id="cyl52" radius="0.15" height="0.1"
             movable="false" mass="2.5">
<body position="-12.5, -2.5, 0" orientation="45,0,0" /> 
</cylinder>
<cylinder id="cyl53" radius="0.15" height="0.1"
             movable="false" mass="2.5">
<body position="-12.5, -7.5, 0" orientation="45,0,0" /> 
</cylinder>
<cylinder id="cyl54" radius="0.15" height="0.1"
             movable="false" mass="2.5">
<body position="-12.5, -12.5, 0" orientation="45,0,0" /> 
</cylinder>
<cylinder id="cyl55" radius="0.15" height="0.1"
             movable="false" mass="2.5">
<body position="-12.5, -17.5, 0" orientation="45,0,0" /> 
</cylinder>
<cylinder id="cyl56" radius="0.15" height="0.1"
             movable="false" mass="2.5">
<body position="-17.5, 17.5, 0" orientation="45,0,0" /> 
</cylinder>
<cylinder id="cyl57" radius="0.15" height="0.1"
             movable="false" mass="2.5">
<body position="-17.5, 12.5, 0" orientation="45,0,0" /> 
</cylinder>
<cylinder id="cyl58" radius="0.15" height="0.1"
             movable="false" mass="2.5">
<body position="-17.5, 7.5, 0" orientation="45,0,0" /> 
</cylinder>
<cylinder id="cyl59" radius="0.15" height="0.1"
             movable="false" mass="2.5">
<body position="-17.5, 2.5, 0" orientation="45,0,0" /> 
</cylinder>
<cylinder id="cyl60" radius="0.15" height="0.1"
             movable="false" mass="2.5">
<body position="-17.5, -2.5, 0" orientation="45,0,0" /> 
</cylinder>
<cylinder id="cyl61" radius="0.15" height="0.1"
             movable="false" mass="2.5">
<body position="-17.5, -7.5, 0" orientation="45,0,0" /> 
</cylinder>
<cylinder id="cyl62" radius="0.15" height="0.1"
             movable="false" mass="2.5">
<body position="-17.5, -12.5, 0" orientation="45,0,0" /> 
</cylinder>
<cylinder id="cyl63" radius="0.15" height="0.1"
             movable="false" mass="2.5">
<body position="-17.5, -17.5, 0" orientation="45,0,0" /> 
</cylinder>


  </arena> 
    
  <!-- ******************* -->
  <!-- * Physics engines * -->
  <!-- ******************* -->
  <physics_engines>
    <dynamics2d id="dyn2d" />
  </physics_engines>

  <!-- ********* -->
  <!-- * Media * -->
  <!-- ********* -->
  <media><led id="leds"/></media>
  <!-- ****************** -->
  <!-- * Visualization * -->
  <!-- ****************** -->

<!--
  <visualization>

<qt-opengl>
      <camera>
        <placement idx="0" position="  0, 0, 10" look_at="0, 0, 0" lens_focal_length="25"/>
      </camera>
      <user_functions label="CPFA_qt_user_functions"/>
    </qt-opengl>

  </visualization>
-->

</argos-configuration>
